"account","businessrole"
"af88ok","sepa direct debit officer"
"ag77um","credit transfer officer"
"ap85mu","iam officer"
"by05xi","credit transfer officer"
"cn56ph","credit transfer officer"
"co26hm","middle-officer"
"cz97ur","sepa direct debit officer"
"db69op","credit transfer supervisor"
"db86up","payments manager credit transfer"
"dy14ss","payments helpdesk officer"
"ei79is","payments helpdesk officer"
"ev35nb","middle-officer"
"fe58bo","payment support officer"
"go06wb","payments helpdesk officer"
"gw32eo","credit transfer officer"
"hk79wb","payment claims supervisor"
"hy52wc","middle-officer"
"ik32pd","credit transfer supervisor"
"ix83mh","credit transfer officer"
"iz62df","payment support officer"
"jd28xv","iam officer"
"km00ru","middle-officer"
"le60xb","client administration officer"
"lp58ua","credit transfer supervisor"
"lq04qf","payments helpdesk officer"
"ls11yv","iam officer"
"ls61nb","credit transfer officer"
"mc98lf","middle-officer"
"mm05qy","credit transfer officer"
"mu19ao","payment claims supervisor"
"mz35tm","credit transfer officer"
"nd32ly","iam officer"
"nt72kc","payments manager sepa direct debit"
"oj55tn","application support"
"oj55tn","iam ressource administrator"
"or13oo","middle-officer"
"ov44bj","application support"
"ov44bj","iam ressource administrator"
"pu67cd","credit transfer officer"
"pv53py","credit transfer officer"
"qc82xe","client administration officer"
"sd88ss","payments manager"
"sk70vx","iam officer"
"sn03qb","middle-officer"
"sx81je","credit transfer supervisor"
"syspow1","application administrator"
"syspow2","application administrator"
"te11kr","application support"
"tl48ht","credit transfer officer"
"to82ki","payments helpdesk officer"
"tz85sz","application support"
"tz85sz","iam ressource administrator"
"ui27wi","middle-officer"
"ve99dg","sepa direct debit officer"
"vm60ch","payment claims officer"
"vq31cr","middle-officer"
"vq87fn","credit transfer officer"
"vy04ke","credit transfer officer"
"vy51nv","payments helpdesk officer"
"wb15ha","middle-officer"
"we52os","iam officer"
"wf87ga","middle-officer"
"wr72uk","middle-officer"
"xi78sy","payment claims officer"
"xm07yf","payments helpdesk officer"
"xq10bb","credit transfer supervisor"
"yb39sh","payments helpdesk officer"
"yh79ub","payments helpdesk officer"
"yt55xj","middle-officer"
"zzdovetailportalprod","web service connector"